zip3,primary_state,primary_city,centroid_lat,centroid_lng,zip5_count,population,households,median_hh_income,demand_index
005,NY,Holtsville,40.92233,-72.63708,2,,,,
006,PR,Aguadilla,18.29387,-66.873,51,1081492,390484,20819,23.6
007,PR,Ponce,18.14978,-66.11842,56,1192025,433585,23467,26.4
008,VI,St Thomas,17.99223,-64.80702,16,,,,
009,PR,San Juan,18.40169,-66.07966,70,998865,395589,31488,23.4
010,MA,Chicopee,42.27008,-72.59006,70,463387,186460,79872,18.8
011,MA,Springfield,42.13152,-72.57372,24,171167,64286,57298,9.1
012,MA,Pittsfield,42.33522,-73.22504,37,128068,55791,72306,10.4
013,MA,Greenfield,42.5884,-72.60613,32,83290,35879,69867,9.0
014,MA,Groton,42.49639,-71.71337,26,223045,86906,95941,15.9
015,MA,Westborough,42.25151,-71.89784,54,398469,152962,111294,22.0
016,MA,Worcester,42.29691,-71.85198,18,211697,81427,65073,11.1
017,MA,Framingham,42.4052,-71.47533,31,409901,156560,137851,26.2
018,MA,Woburn,42.55164,-71.27041,49,774491,286137,111555,30.3
019,MA,Lynn,42.61524,-70.89571,38,508867,201639,105717,23.6
020,MA,Dedham,42.11623,-71.02517,39,425765,159838,140727,26.9
021,MA,Boston,42.33584,-71.05972,70,1402965,573775,97908,42.0
022,MA,Boston,42.3499,-71.02256,27,30228,12059,85941,10.2
023,MA,Brockton,42.00405,-70.85144,45,474202,174117,103079,22.5
024,MA,Waltham,42.36755,-71.24946,36,435867,168070,161130,30.2
025,MA,Buzzards Bay,41.59507,-70.51744,30,127661,51302,98870,14.3
026,MA,Centerville,41.78675,-70.13279,41,159706,70553,90524,13.7
027,MA,New Bedford,41.75335,-71.07243,44,555045,223214,82984,21.3
028,RI,Warwick,41.66239,-71.53261,70,696811,279710,90260,25.4
029,RI,Providence,41.82251,-71.43375,21,397467,152529,71807,16.2
030,NH,Nashua,42.90753,-71.49354,38,402330,153859,111787,22.2
031,NH,Manchester,42.96522,-71.52662,11,157455,62522,87725,13.3
032,NH,Tilton,43.53333,-71.64166,65,196408,77933,85942,13.9
033,NH,Concord,43.24721,-71.56455,6,63977,25307,88172,11.3
034,NH,Keene,42.90834,-72.18816,28,84357,33753,80749,10.7
035,NH,Littleton,44.5455,-71.47701,20,44646,19309,58818,6.6
036,NH,Acworth,43.16675,-72.3015,8,12965,4888,64876,6.8
037,NH,Lebanon,43.6944,-72.12117,29,78969,29354,92026,12.2
038,NH,Portsmouth,43.36125,-71.07538,76,338571,138226,97608,18.7
039,ME,Berwick,43.22894,-70.7073,11,52456,22136,93296,11.8
040,ME,Freeport,43.83894,-70.53875,80,364615,150344,84140,17.3
041,ME,Portland,43.93593,-70.34666,15,118863,53511,89495,12.7
042,ME,Auburn,44.32926,-70.37461,62,180579,73454,65443,10.5
043,ME,Augusta,44.31273,-69.75781,26,84067,36379,66860,8.6
044,ME,Bangor,45.15766,-68.75502,70,175837,73657,61729,9.9
045,ME,Bath,43.94223,-69.56904,34,49563,22543,73909,8.9
046,ME,Ellsworth,44.68126,-68.04072,67,73946,32802,60552,7.5
047,ME,Limestone,46.57706,-68.47942,48,67325,29232,51945,6.0
048,ME,Rockland,44.13315,-69.10515,22,40910,17887,74104,8.7
049,ME,Waterville,44.77502,-69.62913,70,158720,68192,56519,8.7
050,VT,White River Junction,43.83288,-72.4085,54,62362,26853,77563,9.7
051,VT,Bellows Falls,43.26481,-72.64462,18,29989,12592,71917,8.2
052,VT,Bennington,43.03876,-73.14645,11,33438,12955,72404,8.3
053,VT,Brattleboro,42.9525,-72.75575,25,39086,16390,63875,7.2
054,VT,Burlington,44.59817,-73.0263,59,248786,100834,86956,15.2
055,MA,Andover,42.64719,-71.1842,2,,,,
056,VT,Montpelier,44.31535,-72.6032,43,86703,36792,76382,10.1
057,VT,Rutland,43.6262,-73.02628,45,82056,33476,66874,8.6
058,VT,Saint Johnsbury,44.66982,-72.1258,46,58037,24470,63243,7.5
059,VT,Averill,44.7511,-71.70202,7,3359,1496,58939,5.7
060,CT,New Britain,41.85368,-72.79653,76,678317,271188,99599,26.4
061,CT,Hartford,41.7805,-72.70533,51,293905,118391,77845,14.8
062,CT,Storrs Mansfield,41.83162,-72.08481,41,166144,61739,84587,13.0
063,CT,Groton,41.50069,-72.04295,41,263058,107711,84634,15.1
064,CT,Wallingford,41.41723,-72.81076,70,715085,286814,107229,28.3
065,CT,New Haven,41.35162,-72.92456,33,293948,112077,74003,14.2
066,CT,Bridgeport,41.23301,-73.23761,15,245458,90877,81443,14.3
067,CT,Waterbury,41.59759,-73.13648,49,333439,132623,81822,16.3
068,CT,Norwalk,41.22303,-73.42977,42,486707,174926,153192,30.1
069,CT,Stamford,41.18363,-73.45689,19,135309,53480,105263,15.4
070,NJ,Clifton,40.75924,-74.22953,88,1807208,674146,108667,52.4
071,NJ,Newark,40.76801,-74.21699,26,435339,160283,55561,14.6
072,NJ,Elizabeth,40.66594,-74.23461,8,194391,66059,67585,11.1
073,NJ,Jersey City,40.72902,-74.06649,11,287899,119278,96329,17.4
074,NJ,Mahwah,41.04179,-74.29412,43,465989,171071,140914,27.8
075,NJ,Paterson,40.95758,-74.2237,20,211926,69108,65842,11.3
076,NJ,Hackensack,40.93819,-74.02251,41,512499,183896,127665,26.9
077,NJ,Allenhurst,40.32159,-74.12718,50,614475,237445,122530,28.4
078,NJ,Dover,40.94047,-74.75777,56,365239,137693,120504,22.6
079,NJ,Morristown,40.74588,-74.52898,36,268067,98684,168791,27.6
080,NJ,Cherry Hill,39.81624,-74.97563,91,1204932,461481,99784,37.9
081,NJ,Camden,39.88473,-75.04041,10,154847,57032,62781,9.6
082,NJ,Absecon,39.26464,-74.70919,37,253199,101676,84118,14.8
083,NJ,Vineland,39.42976,-75.02825,38,238846,84237,73405,13.0
084,NJ,Atlantic City,39.44771,-74.61732,6,54049,23900,50282,5.5
085,NJ,Princeton,40.28245,-74.65346,38,327601,119217,141449,24.9
086,NJ,Trenton,40.23802,-74.70465,30,280148,100713,82896,15.2
087,NJ,Toms River,39.96554,-74.17391,28,506787,187845,82553,20.2
088,NJ,Edison,40.53602,-74.62038,70,950719,346401,116499,34.8
089,NJ,New Brunswick,40.45182,-74.43102,10,114903,37997,81811,11.5
100,NY,New York,40.76892,-73.97672,62,1560632,731448,104234,46.4
101,NY,New York,40.76882,-73.97738,69,58218,30224,136419,18.3
102,NY,New York,40.76308,-73.98633,31,15454,7003,224908,30.3
103,NY,Staten Island,40.5844,-74.14788,14,492925,170000,96725,21.9
104,NY,Bronx,40.84743,-73.87593,26,1450346,529313,49450,35.9
105,NY,Mount Vernon,41.18687,-73.76944,73,670605,241111,144214,32.8
106,NY,White Plains,41.07615,-73.75423,12,85224,32911,119412,16.4
107,NY,Yonkers,40.96847,-73.83843,10,240952,93037,88950,15.3
108,NY,New Rochelle,40.94781,-73.79411,5,90779,33114,124690,17.3
109,NY,Middletown,41.27357,-74.18171,66,586957,182304,103095,24.9
110,NY,Great Neck,40.74356,-73.62795,28,262965,85162,139665,23.2
111,NY,Astoria,40.73249,-73.90885,8,209273,93852,96469,15.7
112,NY,Brooklyn,40.65298,-73.95216,52,2679609,997955,78610,67.1
113,NY,Flushing,40.73564,-73.83818,32,1192645,422963,80073,34.8
114,NY,Jamaica,40.68483,-73.80761,31,805188,246687,87314,27.4
115,NY,Garden City,40.70406,-73.62545,56,748469,244217,134438,33.1
116,NY,Far Rockaway,40.60442,-73.83721,7,134241,44616,69131,10.0
117,NY,Farmingdale,40.81233,-73.14224,87,1575472,517192,134320,51.1
118,NY,Hicksville,40.77151,-73.5053,10,76708,24549,156500,21.6
119,NY,Southampton,40.92233,-72.63708,45,273915,103061,107368,18.7
120,NY,Alcove,42.67613,-73.94846,71,339478,135963,90028,17.6
121,NY,Troy,42.68995,-73.92839,75,281632,118343,82208,15.2
122,NY,Albany,42.63179,-73.92733,51,155579,66000,74076,11.2
123,NY,Schenectady,42.8209,-73.97553,11,169715,67828,81343,12.6
124,NY,Kingston,42.07229,-74.21691,83,152326,63959,71454,10.8
125,NY,Newburgh,41.76726,-73.8671,75,450212,168260,95995,20.9
126,NY,Poughkeepsie,41.72659,-73.81142,4,87816,33835,79869,10.6
127,NY,Monticello,41.68979,-74.75762,62,99707,38008,67174,9.0
128,NY,Newcomb,43.52041,-73.71454,67,229094,96906,80554,13.8
129,NY,Keeseville,44.54739,-73.94112,74,155207,63527,66381,10.1
130,NY,Auburn,42.99029,-76.18412,56,384608,157642,79500,17.0
131,NY,Mc Graw,43.05453,-76.25137,55,174342,69506,74706,11.7
132,NY,Syracuse,43.04373,-76.1644,29,229384,92688,57143,10.4
133,NY,Alder Creek,43.16447,-75.2316,55,136549,54030,68387,10.0
134,NY,Rome,43.11542,-75.27754,68,179001,71787,71781,11.4
135,NY,Utica,43.13197,-75.30464,6,74114,28404,51964,6.2
136,NY,Watertown,44.2659,-75.5352,89,233912,90350,62112,11.2
137,NY,Endicott,42.25981,-75.52396,47,130237,56216,62691,9.0
138,NY,Vestal,42.32508,-75.54231,46,137819,55292,65173,9.5
139,NY,Binghamton,42.13176,-75.8823,5,82039,31786,53043,6.5
140,NY,Batavia,42.8047,-78.62191,66,448390,186454,81014,18.7
141,NY,Tonawanda,42.82442,-78.71573,41,197542,83516,77828,12.7
142,NY,Buffalo,42.8599,-78.84349,44,587724,253651,61400,18.8
143,NY,Niagara Falls,43.14413,-78.96972,5,63703,28896,50709,5.8
144,NY,Adams Basin,42.97845,-77.62232,53,303211,122599,79394,15.2
145,NY,Macedon,42.95104,-77.48869,63,328353,133252,88961,17.2
146,NY,Rochester,43.21748,-77.64531,46,478986,202469,63733,16.8
147,NY,Jamestown,42.21457,-78.88237,71,170575,69714,55755,8.9
148,NY,Ithaca,42.31325,-77.10946,82,277361,114262,65436,12.6
149,NY,Elmira,42.10873,-76.796,6,45133,18642,53861,5.8
150,PA,Warrendale,40.42724,-80.08312,77,451413,192371,77152,18.1
151,PA,Mc Keesport,40.41758,-80.03373,32,368291,160938,76176,16.2
152,PA,Pittsburgh,40.42308,-80.03074,77,693165,310275,74531,23.0
153,PA,Washington,40.03407,-80.13692,58,187628,76368,83430,13.3
154,PA,Uniontown,39.96681,-79.7276,73,135649,57203,56692,8.2
155,PA,Somerset,39.98044,-78.89098,40,85053,33862,57948,7.3
156,PA,Greensburg,40.35363,-79.51895,78,302346,129528,73490,14.4
157,PA,Indiana,40.75517,-78.9994,66,105231,41475,56902,7.6
158,PA,Du Bois,41.25849,-78.69308,31,88011,37142,60021,7.7
159,PA,Johnstown,40.36205,-78.8411,46,136069,57270,57991,8.4
160,PA,Boyers,40.943,-79.86527,42,205881,83669,85250,14.0
161,PA,New Castle,41.14731,-80.3332,45,210647,87727,59811,10.3
162,PA,Kittanning,40.99424,-79.41634,46,84330,32972,60812,7.7
163,PA,Warren,41.55698,-79.55187,49,139108,58306,58286,8.5
164,PA,Albion,41.91012,-80.05479,35,124171,47949,69025,9.8
165,PA,Erie,42.14926,-80.07292,30,181079,74463,57405,9.3
166,PA,Altoona,40.49587,-78.34275,75,199302,78497,61209,10.3
167,PA,Bradford,41.80999,-78.51537,24,45178,17882,57925,6.4
168,PA,State College,40.94457,-78.036,59,200048,75075,67647,11.3
169,PA,Genesee,41.81984,-77.24477,34,63538,25271,59759,7.1
170,PA,Camp Hill,40.39732,-77.03424,94,654454,259691,78192,22.7
171,PA,Harrisburg,40.28278,-76.85784,26,182004,75132,72042,11.5
172,PA,Chambersburg,40.01241,-77.78095,52,210760,83780,72258,12.2
173,PA,Hanover,39.90712,-76.86531,58,349037,136263,82896,16.8
174,PA,York,39.96539,-76.65045,8,184917,71451,71968,11.6
175,PA,Ronks,40.05368,-76.24352,61,346010,128654,82031,16.6
176,PA,Lancaster,40.03767,-76.30655,9,174556,68093,80776,12.6
177,PA,Williamsport,41.29534,-77.08911,50,165252,65905,62709,9.8
178,PA,Beaver Springs,40.89799,-76.7839,63,232034,89128,62345,11.2
179,PA,Frackville,40.7078,-76.28447,49,120819,47823,63982,9.0
180,PA,Bethlehem,40.63563,-75.45412,70,567511,218144,86462,22.1
181,PA,Allentown,40.61938,-75.52264,9,176420,65572,63199,10.1
182,PA,Hazleton,40.93594,-75.94179,39,143699,56944,61226,9.1
183,PA,East Stroudsburg,41.10059,-75.24308,40,178228,65594,82087,12.9
184,PA,Olyphant,41.53704,-75.39975,58,199709,78787,70899,11.7
185,PA,Scranton,41.40492,-75.66412,18,119408,48565,55287,7.7
186,PA,Pittston,41.28951,-76.0307,41,169053,70210,66550,10.4
187,PA,Wilkes Barre,41.25605,-75.88702,22,137176,56384,62586,9.1
188,PA,Montrose,41.81471,-76.10139,38,73056,29964,63201,7.8
189,PA,Warminster,40.33059,-75.1508,60,379072,145317,122987,23.3
190,PA,Levittown,40.02005,-75.22271,85,1161073,438488,103685,37.6
191,PA,Philadelphia,39.99814,-75.13662,78,1593611,659184,58805,40.4
192,PA,Philadelphia,40.00181,-75.11787,2,,,,
193,PA,West Chester,39.9469,-75.72026,54,461176,170611,122718,25.1
194,PA,Valley Forge,40.16456,-75.46029,66,554270,217044,109663,25.2
195,PA,Adamstown,40.4149,-75.89046,46,222937,84843,90641,15.1
196,PA,Reading,40.35423,-75.94343,13,226828,83913,68795,12.0
197,DE,Newark,39.60993,-75.62677,27,347282,127675,95048,18.5
198,DE,Wilmington,39.642,-75.59057,27,218967,91983,80500,13.6
199,DE,Dover,38.86665,-75.42861,44,427835,169562,72592,17.0
200,DC,Washington,38.90014,-77.01869,75,669838,315756,105644,27.1
201,VA,Manassas,38.92542,-77.59521,82,1012944,340564,153088,41.6
202,DC,Washington,38.8935,-77.01764,52,,,,
203,DC,Washington,38.88741,-77.01409,33,695,29,,0.0
204,DC,Washington,38.8949,-77.02116,49,54,0,,0.0
205,DC,Washington,38.89539,-77.02318,69,,,,
206,MD,Waldorf,38.39953,-76.72548,68,372543,132775,121941,23.0
207,MD,Laurel,38.89855,-76.82596,79,1066185,378371,103462,35.5
208,MD,Bethesda,39.12847,-77.17796,57,735579,266766,147998,34.8
209,MD,Silver Spring,39.07811,-77.09848,17,332277,122211,99765,18.9
210,MD,Ellicott City,39.35254,-76.58628,60,797528,302656,121350,32.2
211,MD,Pasadena,39.37323,-76.64924,34,495215,183628,118852,25.2
212,MD,Baltimore,39.30682,-76.61099,66,1191108,480621,71532,33.5
214,MD,Annapolis,38.99107,-76.56265,7,96378,40053,117368,16.3
215,MD,Cumberland,39.5838,-78.9512,30,96473,39615,58107,7.6
216,MD,Ridgely,38.85966,-76.02925,71,171371,68481,81199,12.6
217,MD,Hagerstown,39.49632,-77.49348,69,520086,191114,110019,24.5
218,MD,Salisbury,38.27048,-75.61672,44,182639,72275,69449,11.1
219,MD,Elkton,39.54151,-75.95544,17,103876,39338,88018,12.1
220,VA,Fairfax,38.83729,-77.29235,33,513816,179193,141560,29.0
221,VA,Springfield,38.80657,-77.28859,39,489073,165561,144126,28.8
222,VA,Arlington,38.87505,-77.10008,33,236457,111279,147634,23.8
223,VA,Alexandria,38.79834,-77.10228,22,348087,146825,121353,22.4
224,VA,Fredericksburg,38.12662,-77.08731,37,247826,91223,99907,17.0
225,VA,Stafford,38.03228,-76.98265,43,210965,72002,111134,17.9
226,VA,Winchester,39.03985,-78.22516,34,204354,76610,83950,13.7
227,VA,Culpeper,38.47985,-78.0675,38,87221,30447,94351,12.7
228,VA,Harrisonburg,38.55645,-78.81252,31,174611,63871,64156,10.2
229,VA,Charlottesville,38.04483,-78.57849,51,276087,109360,84008,15.3
230,VA,Glen Allen,37.57595,-77.11215,59,243696,93829,94502,16.2
231,VA,Williamsburg,37.54114,-77.04062,63,415572,155218,107629,21.8
232,VA,Richmond,37.53661,-77.48745,54,586221,245998,72516,20.4
233,VA,Chesapeake,37.36737,-75.95201,38,284108,105650,93926,17.0
234,VA,Virginia Beach,37.23876,-76.01007,63,599352,234501,88132,23.0
235,VA,Norfolk,36.9074,-76.24954,25,236973,93797,61659,11.2
236,VA,Hampton,37.10525,-76.4341,32,391304,158150,71004,15.9
237,VA,Portsmouth,36.84383,-76.35078,8,97384,38962,57685,7.5
238,VA,Petersburg,36.96347,-77.4281,59,357974,132034,75248,15.8
239,VA,Farmville,37.02467,-78.42317,38,101578,38361,56852,7.5
240,VA,Roanoke,37.19914,-80.05243,80,364221,145390,62612,14.1
241,VA,Martinsville,37.08476,-80.13639,53,225107,91137,62993,11.1
242,VA,Bristol,36.86658,-82.46271,51,180626,72940,48822,8.1
243,VA,Pulaski,36.83714,-81.13955,42,147160,61134,51906,7.8
244,VA,Staunton,38.07395,-79.36187,48,146690,58837,64578,9.6
245,VA,Lynchburg,37.14246,-79.13949,67,383535,152973,58794,14.0
246,VA,Amonate,37.20542,-81.80414,34,61927,24060,45374,5.0
247,WV,Bluefield,37.43345,-81.21905,19,57348,23658,46132,5.0
248,WV,Welch,37.45588,-81.61412,72,34343,12288,40656,3.7
249,WV,Lewisburg,37.86592,-80.43179,43,48354,20095,50854,5.5
250,WV,Alloy,38.2041,-81.48118,57,58155,23749,54740,6.3
251,WV,Handley,38.2196,-81.48597,56,71826,27932,56240,6.8
252,WV,Tad,38.63875,-81.55535,46,56205,21615,54850,6.2
253,WV,Charleston,38.32187,-81.57935,47,110541,48598,57820,7.9
254,WV,Martinsburg,39.38551,-78.06337,27,201692,77855,78952,13.0
255,WV,Alkol,38.2877,-82.16563,44,137990,53744,63377,9.3
256,WV,Logan,37.79136,-82.05266,54,46417,17651,41067,4.0
257,WV,Huntington,38.40595,-82.30041,40,70854,29838,46660,5.3
258,WV,Beckley,37.79471,-81.23364,51,80861,31899,53367,6.6
259,WV,Oak Hill,37.79618,-81.03474,49,45506,18574,48529,5.1
260,WV,Wheeling,40.18781,-80.61773,24,124270,52255,56375,7.9
261,WV,Parkersburg,39.23769,-81.27752,41,126196,51932,55330,7.8
262,WV,Buckhannon,38.76873,-80.03866,54,81497,31137,48403,5.8
263,WV,Clarksburg,39.20008,-80.53299,38,84223,32976,59006,7.5
264,WV,Meadowbrook,39.25793,-80.42603,32,55087,20312,51295,5.7
265,WV,Morgantown,39.55338,-80.09436,52,186913,76283,62223,10.2
266,WV,Sutton,38.50912,-80.8058,35,29823,11154,54706,5.6
267,WV,Augusta,39.32882,-78.97632,24,53610,20383,62064,7.2
268,WV,Baker,38.97978,-78.97497,25,30898,11982,53704,5.5
270,NC,Rural Hall,36.24108,-80.3941,40,294943,118263,65845,13.1
271,NC,Winston Salem,36.04492,-80.23351,27,273233,108636,56157,11.2
272,NC,High Point,35.88947,-79.68583,55,621923,245121,62640,19.7
273,NC,Reidsville,35.94761,-79.64552,44,405030,156540,68641,15.9
274,NC,Greensboro,36.08296,-79.93868,28,333888,134836,60782,13.2
275,NC,Cary,35.888,-78.55805,76,1303568,482900,90831,38.8
276,NC,Raleigh,35.80801,-78.63118,44,557120,223473,87404,22.0
277,NC,Durham,36.02207,-78.87887,16,307921,127796,74429,14.6
278,NC,Greenville,35.91312,-77.43917,94,523624,215129,51325,15.9
279,NC,Elizabeth City,36.12419,-76.20835,61,196371,79450,65479,10.9
280,NC,Gastonia,35.36274,-81.02718,58,780171,291447,77479,25.4
281,NC,Salisbury,35.29882,-80.77348,50,656664,241553,81987,23.3
282,NC,Charlotte,35.24006,-80.81521,78,953893,384119,81325,29.7
283,NC,Fayetteville,34.99131,-78.99544,86,839969,315046,54645,23.3
284,NC,Wilmington,34.30826,-78.18559,64,532568,224606,67856,18.6
285,NC,New Bern,35.02071,-77.1229,71,506005,195590,59891,16.8
286,NC,Hickory,36.06364,-81.37086,91,636176,254993,55933,19.1
287,NC,Hendersonville,35.4376,-82.69698,86,569765,233184,61411,18.4
288,NC,Asheville,35.60335,-82.55529,11,137328,54900,63732,9.3
289,NC,Andrews,35.09358,-83.91568,7,40054,17650,52282,5.5
290,SC,Lexington,33.95958,-80.8233,52,473620,180792,72265,17.9
291,SC,Orangeburg,33.89945,-80.89304,55,352234,140648,50896,12.1
292,SC,Columbia,34.01512,-80.98772,34,342092,136374,55996,12.6
293,SC,Spartanburg,34.86581,-81.90786,56,430946,165786,59304,15.1
294,SC,Charleston,32.9658,-80.08982,72,868134,344013,77933,27.4
295,SC,Myrtle Beach,34.06264,-79.40849,68,708974,278818,54472,20.4
296,SC,Greenville,34.68992,-82.56722,89,1073944,425313,65759,30.1
297,SC,Rock Hill,34.87223,-80.95342,31,427464,165825,78070,17.8
298,SC,Aiken,33.51714,-81.73416,44,225728,89382,61121,10.9
299,SC,Beaufort,32.54121,-80.90557,37,239614,96134,76272,13.4
300,GA,Marietta,33.87551,-84.29103,89,2513918,884184,94127,65.7
301,GA,Rome,34.0256,-84.86885,75,1335832,475820,83726,38.5
302,GA,Newnan,33.32492,-84.48354,66,1139873,405080,74088,32.7
303,GA,Atlanta,33.8246,-84.40635,83,1029695,459778,82990,31.6
304,GA,Statesboro,32.41306,-82.11836,49,229420,81642,49748,9.3
305,GA,Gainesville,34.51723,-83.71583,70,728483,256996,75761,24.0
306,GA,Athens,33.88992,-83.27081,52,428410,161823,66668,16.1
307,GA,Dalton,34.74235,-85.07857,36,373389,136575,60071,13.9
308,GA,Appling,33.33786,-82.34637,25,224371,73295,79011,13.5
309,GA,Augusta,33.41149,-82.08177,16,203069,74339,55353,9.5
310,GA,Warner Robins,32.57984,-83.44718,92,545907,196542,60874,17.8
311,GA,Atlanta,33.85424,-84.38995,19,,,,
312,GA,Macon,32.81591,-83.6725,23,165666,63323,53034,8.4
313,GA,Hinesville,31.90793,-81.41115,27,242108,87154,74254,13.1
314,GA,Savannah,32.00779,-81.09621,22,261471,103034,62817,11.9
315,GA,Brunswick,31.35862,-82.13831,51,344250,127178,55465,12.6
316,GA,Valdosta,30.98049,-83.19141,34,199455,73044,51339,8.8
317,GA,Albany,31.41765,-84.13417,93,363292,138237,51230,12.4
318,GA,Box Springs,32.53397,-84.7087,27,88359,32734,73986,9.7
319,GA,Columbus,32.48941,-84.92221,17,198862,76248,54158,9.2
320,FL,Saint Augustine,30.16527,-82.15801,55,711012,261545,80381,24.3
321,FL,Daytona Beach,29.27516,-81.45537,68,657178,297593,62375,20.5
322,FL,Jacksonville,30.3029,-81.64819,57,1061094,416282,72363,30.8
323,FL,Tallahassee,30.3282,-84.27125,57,443240,172573,62237,15.8
324,FL,Panama City,30.49585,-85.56885,54,367331,143877,62127,14.1
325,FL,Pensacola,30.59844,-87.05791,73,733632,284816,73238,23.7
326,FL,Gainesville,29.61023,-82.46971,56,392596,152425,58546,14.1
327,FL,Titusville,28.75373,-81.27361,73,1070257,413965,76122,31.5
328,FL,Orlando,28.51625,-81.29076,60,1064485,365352,71696,30.7
329,FL,Melbourne,28.04567,-80.62217,54,701336,283480,74703,23.3
330,FL,Pompano Beach,25.77801,-80.46164,72,1783929,636642,69629,46.2
331,FL,Miami,25.70469,-80.32698,85,2018173,737269,70607,51.4
332,FL,Miami,25.55843,-80.45817,20,,,,
333,FL,Fort Lauderdale,26.1309,-80.28678,47,847418,327188,78595,27.0
334,FL,West Palm Beach,26.59139,-80.30448,81,1609972,638938,78211,43.6
335,FL,Zephyrhills,28.10512,-82.30974,52,904133,329522,81476,28.7
336,FL,Tampa,27.93161,-82.46037,60,823994,326310,70856,25.4
337,FL,Saint Petersburg,27.87131,-82.73115,62,764942,334423,66705,23.5
338,FL,Lakeland,27.88649,-81.65366,68,838318,307282,60717,24.2
339,FL,Fort Myers,26.71141,-81.91724,59,908324,367247,67610,26.7
341,FL,Naples,26.16984,-81.60085,30,441199,184422,85150,19.1
342,FL,Sarasota,27.31456,-82.41015,66,896914,382590,75837,27.7
344,FL,Ocala,29.02044,-82.29192,46,493471,205271,55851,15.9
346,FL,Brooksville,28.30401,-82.58525,42,731337,302081,67763,22.9
347,FL,Kissimmee,28.48639,-81.56936,41,861452,285353,74796,26.8
349,FL,Fort Pierce,27.30566,-80.41232,32,508769,196984,68688,18.2
350,AL,Bessemer,33.56792,-86.72019,64,472158,177450,65502,16.9
351,AL,Pell City,33.49594,-86.63524,50,344165,127058,72063,15.1
352,AL,Birmingham,33.52237,-86.87744,74,504683,205409,74357,18.9
354,AL,Tuscaloosa,33.13957,-87.71931,46,257561,94221,60269,11.4
355,AL,Jasper,33.96642,-87.63759,44,152386,57497,50883,7.7
356,AL,Decatur,34.69292,-87.31324,44,391315,153432,61366,14.5
357,AL,Madison,34.74307,-86.351,35,271009,103920,89220,16.0
358,AL,Huntsville,34.72355,-86.56564,24,211660,90655,70044,11.9
359,AL,Gadsden,34.29269,-85.94947,41,287431,105931,52462,10.9
360,AL,Prattville,32.15461,-86.15281,66,300388,110477,61544,12.6
361,AL,Montgomery,32.29176,-86.23587,35,207648,82342,55883,9.7
362,AL,Anniston,33.5913,-85.69892,36,184107,71222,54321,8.9
363,AL,Dothan,31.27502,-85.55238,39,246118,95422,56577,10.6
364,AL,Monroeville,31.4336,-87.10052,39,102360,38007,45470,5.9
365,AL,Atmore,30.90564,-87.93447,69,412498,155029,67334,15.9
366,AL,Mobile,30.66962,-88.15766,44,279035,111094,53203,10.9
367,AL,Selma,32.30032,-87.38103,50,100337,37917,40097,5.0
368,AL,Opelika,32.55819,-85.32805,33,286078,108701,54891,11.3
369,AL,Bellamy,32.13707,-88.21286,14,17040,7318,45948,4.1
370,TN,Clarksville,36.11961,-86.85593,77,1089984,407033,82012,32.8
371,TN,Murfreesboro,36.05295,-86.73237,59,766082,282072,78534,25.2
372,TN,Nashville,36.1674,-86.79522,45,475474,207767,79015,18.9
373,TN,Cleveland,35.27603,-85.34448,89,611821,236001,65660,20.0
374,TN,Chattanooga,35.07871,-85.25841,20,211339,89333,60805,10.5
375,TN,Memphis,35.16925,-89.99041,1,,,,
376,TN,Johnson City,36.37458,-82.34615,42,422185,176998,55062,14.3
377,TN,Greeneville,36.15707,-83.87795,53,358811,142804,58904,13.4
378,TN,Maryville,36.09233,-83.78251,68,549516,216221,59035,17.6
379,TN,Knoxville,35.97368,-83.95775,31,436737,177965,72734,17.2
380,TN,Millington,35.49172,-89.49301,62,429296,159626,77959,17.8
381,TN,Memphis,35.16436,-89.95458,70,722385,282885,59099,21.4
382,TN,Martin,36.27123,-88.73848,32,112773,45336,48663,6.6
383,TN,Jackson,35.61048,-88.56459,72,289554,113421,53703,11.2
384,TN,Columbia,35.29764,-87.2965,35,192202,72840,58536,9.7
385,TN,Cookeville,36.18084,-85.4143,49,248142,101623,52022,10.0
386,MS,Holly Springs,34.579,-89.82095,64,425106,156490,64106,15.7
387,MS,Greenville,33.53925,-90.80619,48,103807,38327,38620,4.9
388,MS,Tupelo,34.29768,-88.66372,51,259330,100749,55464,10.8
389,MS,Grenada,33.78228,-89.93725,46,102570,38904,40884,5.2
390,MS,Brandon,32.44596,-90.16267,44,283463,104980,62462,12.3
391,MS,Vicksburg,32.37026,-90.24384,58,283895,103691,63419,12.5
392,MS,Jackson,32.30956,-90.27431,33,217903,86752,49752,9.0
393,MS,Meridian,32.37483,-88.8199,43,196577,74790,45689,8.0
394,MS,Hattiesburg,31.33931,-89.31253,45,378496,141204,52759,13.0
395,MS,Gulfport,30.46274,-89.0137,41,412332,159476,58879,14.6
396,MS,Brookhaven,31.35083,-90.53323,30,128279,49043,40923,5.8
397,MS,Columbus,33.54721,-88.82634,35,166971,66799,48104,7.7
399,GA,Atlanta,33.89125,-84.07456,1,,,,
400,KY,La Grange,38.12301,-85.33166,54,274976,101166,89769,16.1
401,KY,Radcliff,37.85609,-86.15221,35,153693,56735,65410,9.9
402,KY,Louisville,38.19975,-85.68407,66,767460,321415,68945,23.9
403,KY,Versailles,38.06056,-84.17606,50,357777,135831,63495,14.1
404,KY,Berea,37.51656,-84.39697,37,194788,75776,55346,9.3
405,KY,Lexington,38.02784,-84.48123,49,322266,136425,70424,14.3
406,KY,Frankfort,38.23346,-84.87424,9,51579,22691,63296,7.4
407,KY,London,36.98799,-84.08146,20,110920,40748,51174,6.9
408,KY,Ages Brookside,36.89772,-83.29207,37,31537,12299,35434,2.8
409,KY,Arjay,36.92756,-83.72444,37,62508,23389,32610,3.1
410,KY,Covington,38.77291,-84.39587,66,521954,201943,77342,19.7
411,KY,Ashland,38.38882,-82.98915,37,133111,50400,52702,7.6
412,KY,Adams,37.86338,-82.73988,31,47938,17269,47742,5.0
413,KY,Campton,37.5683,-83.50643,29,32791,12575,35765,2.9
414,KY,Cannel City,37.82086,-83.12798,16,23730,8486,39052,3.2
415,KY,Pikeville,37.45934,-82.36834,45,60424,24978,42244,4.5
416,KY,Allen,37.50078,-82.73752,34,36251,14564,41100,3.8
417,KY,Hazard,37.24504,-83.22217,38,40063,15433,43272,4.2
418,KY,Blackey,37.22186,-82.8575,33,27075,10600,42252,3.7
420,KY,Paducah,36.9133,-88.57507,54,222633,87852,56007,10.0
421,KY,Bowling Green,36.88003,-86.05841,34,243044,94496,58163,10.8
422,KY,Hopkinsville,36.99316,-86.92722,45,156100,56947,53562,8.2
423,KY,Owensboro,37.49788,-87.02636,47,176089,68773,60674,9.7
424,KY,Henderson,37.50782,-87.67607,33,130586,52268,55857,8.0
425,KY,Somerset,37.13756,-84.69858,17,80598,31576,48852,5.9
426,KY,Albany,36.80887,-84.74139,13,62828,23714,42736,4.6
427,KY,Elizabethtown,37.3076,-85.7279,44,187859,72535,56225,9.3
430,OH,Newark,40.15621,-82.90934,70,902705,342598,100630,31.5
431,OH,Groveport,39.69628,-82.88037,50,443924,167986,77971,18.1
432,OH,Columbus,39.97614,-82.98053,46,844459,354334,63620,24.8
433,OH,Marion,40.53576,-83.3369,45,180597,70892,63560,10.2
434,OH,Bowling Green,41.45632,-83.30391,44,160392,66151,64982,10.0
435,OH,Perrysburg,41.45781,-84.14499,55,304532,122745,80792,15.5
436,OH,Toledo,41.67154,-83.51849,38,328004,141508,52635,11.8
437,OH,Zanesville,39.84936,-81.68483,60,188686,74828,56118,9.3
438,OH,Adamsville,40.2704,-81.84544,19,64582,24977,59416,7.1
439,OH,Steubenville,40.22668,-80.86606,63,168021,68202,54763,8.7
440,OH,Lorain,41.55828,-81.37362,65,865680,348788,78306,27.4
441,OH,Cleveland,41.52418,-81.65846,66,1191760,526370,64323,32.4
442,OH,Cuyahoga Falls,41.1141,-81.58271,53,573258,230365,84237,21.9
443,OH,Akron,41.08539,-81.52836,32,264716,115040,60403,11.6
444,OH,Warren,41.10339,-80.75501,60,333904,138768,59760,13.0
445,OH,Youngstown,41.06994,-80.69461,17,155346,67836,51519,7.9
446,OH,Massillon,40.66518,-81.47179,78,456928,178098,69753,17.2
447,OH,Canton,40.81627,-81.38134,23,190663,81602,59735,9.9
448,OH,Sandusky,41.0308,-82.76639,65,330001,133594,63144,13.4
449,OH,Mansfield,40.76642,-82.52435,8,93688,37720,53491,6.8
450,OH,Hamilton,39.3971,-84.49713,46,636121,235313,87510,23.7
451,OH,Greenfield,39.10895,-83.91418,53,349556,134835,78934,16.2
452,OH,Cincinnati,39.16545,-84.49577,72,814790,345969,71337,25.2
453,OH,Miamisburg,39.99586,-84.27311,80,498696,201727,71475,18.3
454,OH,Dayton,39.74593,-84.21596,49,486477,206569,67948,17.6
455,OH,Springfield,39.92462,-83.82469,6,100128,40709,56587,7.4
456,OH,Lucasville,38.93825,-82.81367,69,333539,127893,53234,12.1
457,OH,Athens,39.34415,-81.76461,53,148079,58176,52799,7.9
458,OH,Lima,40.823,-84.1883,85,365451,145815,67890,14.9
459,OH,Cincinnati,39.16676,-84.53822,2,,,,
460,IN,Anderson,40.16272,-86.04499,49,607198,228982,99976,24.9
461,IN,Greenwood,39.65372,-86.16444,64,584168,220876,82451,21.8
462,IN,Indianapolis,39.79633,-86.13883,61,978291,395881,63775,27.7
463,IN,Hammond,41.42876,-87.15025,53,687430,263436,77949,23.4
464,IN,Gary,41.55998,-87.34146,11,124540,50259,46817,6.5
465,IN,Elkhart,41.44599,-86.05489,53,491410,178190,70100,18.0
466,IN,South Bend,41.65682,-86.27636,20,148847,60250,56212,8.5
467,IN,Albion,41.1744,-85.20134,67,338729,128787,70881,14.8
468,IN,Fort Wayne,41.08678,-85.09523,43,329667,131845,67959,14.1
469,IN,Kokomo,40.72669,-86.09305,71,303134,121221,59622,12.3
470,IN,Aurora,39.1533,-85.07414,31,118095,46271,76286,10.7
471,IN,Jeffersonville,38.37637,-85.97316,55,307331,119483,70184,14.0
472,IN,Columbus,39.05734,-85.73824,39,217793,84838,69792,12.0
473,IN,Muncie,40.05259,-85.21322,63,310608,125852,55227,11.8
474,IN,Bloomington,39.04997,-86.64952,50,262168,107595,60525,11.6
475,IN,Jasper,38.4104,-87.00815,57,163378,64001,64818,10.0
476,IN,Newburgh,38.15207,-87.45583,31,129208,50741,77674,11.2
477,IN,Evansville,37.99749,-87.56791,36,183361,78092,61916,10.0
478,IN,Terre Haute,39.46328,-87.32322,60,182548,72101,57263,9.3
479,IN,Crawfordsville,40.40147,-87.04989,77,316499,124895,59381,12.6
480,MI,Troy,42.67888,-82.92756,78,1167570,486480,82443,34.6
481,MI,Ann Arbor,42.21803,-83.50194,80,1628474,637536,80568,44.4
482,MI,Detroit,42.26564,-83.16529,57,851784,333459,47037,22.5
483,MI,Farmington,42.638,-83.31819,69,1029040,410264,99168,34.0
484,MI,Applegate,43.24816,-83.29035,59,461850,186321,73970,17.9
485,MI,Flint,43.00955,-83.70287,21,166784,68863,43486,7.0
486,MI,Saginaw,43.82261,-84.28304,59,391137,162344,60315,14.4
487,MI,Bay City,43.89911,-83.5821,56,202727,87994,55440,9.5
488,MI,East Lansing,43.02593,-84.6894,89,637638,241447,72764,21.6
489,MI,Lansing,42.67858,-84.52341,25,161764,72522,56852,8.8
490,MI,Kalamazoo,42.21882,-85.57944,92,752855,300187,66140,23.1
491,MI,Berrien Springs,41.89771,-86.47772,21,107802,43594,66266,9.0
492,MI,Jackson,42.03744,-84.32975,65,348679,133759,64807,14.1
493,MI,Ada,43.21573,-85.53724,49,352511,131079,86655,17.4
494,MI,Muskegon,43.24412,-86.12884,57,601411,225071,74227,21.0
495,MI,Grand Rapids,42.98845,-85.59097,26,434950,170087,70295,16.8
496,MI,Traverse City,44.5511,-85.6266,70,279587,112734,67576,13.0
497,MI,Kincheloe,45.60013,-84.5506,78,224265,97114,61043,10.8
498,MI,Iron Mountain,46.06961,-87.20445,69,178131,75315,58953,9.5
499,MI,Ahmeek,46.73416,-88.8287,47,78943,33075,51234,6.2
500,IA,Ames,41.69527,-93.78048,67,268836,104136,82956,15.0
501,IA,Knoxville,41.59751,-93.44807,72,190606,74578,79165,12.7
502,IA,West Des Moines,41.67397,-93.56152,65,245252,101113,84134,14.7
503,IA,Des Moines,41.64952,-93.59655,58,306021,123929,77257,15.0
504,IA,Mason City,43.16851,-93.34363,57,102082,44081,65169,8.7
505,IA,Clarion,42.74628,-94.44688,75,121246,50455,63569,8.9
506,IA,Cedar Falls,42.6322,-92.45706,70,169285,67479,73267,11.4
507,IA,Waterloo,42.46959,-92.29672,7,76840,33036,55852,6.8
508,IA,Creston,40.9641,-94.55506,28,31759,13210,62078,6.8
509,IA,Des Moines,41.67269,-93.57217,6,,,,
510,IA,Akron,42.60061,-95.93707,57,88137,35329,77342,10.2
511,IA,Sioux City,42.47737,-96.35414,9,88998,33876,66512,8.7
512,IA,Sheldon,43.25318,-96.02894,20,46434,16968,75781,9.1
513,IA,Spencer,43.26494,-95.16546,26,46968,20844,65980,7.7
514,IA,Carroll,42.09617,-95.06333,32,46525,18870,67332,7.9
515,IA,Council Bluffs,41.45318,-95.55475,58,147062,58783,70283,10.5
516,IA,Shenandoah,40.72238,-95.32337,22,22779,9189,62837,6.7
520,IA,Dubuque,42.48799,-90.96734,47,145634,59197,74114,11.0
521,IA,Decorah,43.15241,-91.72864,33,56960,23590,64054,7.6
522,IA,Iowa City,41.89267,-91.73168,51,180283,72527,67821,10.8
523,IA,Marengo,41.90493,-91.71478,55,172498,67532,84191,13.1
524,IA,Cedar Rapids,42.0549,-91.64828,14,144945,61448,72785,10.8
525,IA,Fairfield,40.96922,-92.43225,51,109992,44124,60219,8.2
526,IA,Burlington,40.86859,-91.46336,36,101629,42660,60505,8.1
527,IA,Clinton,41.66246,-90.7687,46,174482,69668,80230,12.5
528,IA,Davenport,41.56395,-90.59574,9,104064,43707,61509,8.3
530,WI,Brookfield,43.44886,-88.22256,83,662679,270856,90834,24.8
531,WI,Kenosha,42.7425,-88.21673,66,695231,279633,86433,24.8
532,WI,Milwaukee,43.04451,-87.90721,48,799666,333530,58423,23.0
534,WI,Racine,42.73193,-87.77421,9,128457,52494,64280,9.2
535,WI,Janesville,42.94585,-89.61212,87,583308,237476,86291,22.4
537,WI,Madison,43.07067,-89.40606,38,306802,139457,74134,14.5
538,WI,Bagley,42.83844,-90.77917,22,60119,22983,63204,7.5
539,WI,Beaver Dam,43.61226,-89.49322,52,203926,83108,69775,11.7
540,WI,Amery,45.06463,-92.48479,26,158548,60995,92053,13.9
541,WI,Abrams,44.86282,-88.24525,56,266930,108574,76664,14.0
542,WI,Manitowoc,44.55034,-87.5534,31,131362,56543,69680,10.1
543,WI,Green Bay,44.48644,-87.99719,12,187739,77662,73187,11.8
544,WI,Wausau,44.87389,-89.79713,86,391413,162381,68218,15.5
545,WI,Rhinelander,45.91613,-89.88277,47,92436,41214,61745,8.0
546,WI,La Crosse,43.85073,-90.89663,59,255320,103637,67566,12.5
547,WI,Eau Claire,44.83439,-91.60556,56,273140,108315,69246,13.1
548,WI,Spooner,46.02966,-91.64872,67,185250,79859,61180,10.0
549,WI,Appleton,44.21629,-88.82396,68,499819,206779,72908,18.6
550,MN,Inver Grove Heights,45.05719,-93.01735,74,719129,267929,101067,27.5
551,MN,Saint Paul,44.96705,-93.10504,51,818621,323599,88616,27.9
553,MN,Eden Prairie,44.98416,-93.87128,97,1057010,397891,111188,36.4
554,MN,Minneapolis,44.98876,-93.35781,69,1131403,469403,89870,34.9
555,MN,Young America,44.97561,-93.6978,50,,,,
556,MN,Beaver Bay,47.5106,-91.03342,13,16547,7718,73088,8.0
557,MN,Grand Rapids,47.17557,-92.78297,76,168742,70951,65373,10.2
558,MN,Duluth,47.0226,-92.19137,14,118307,49128,73514,10.3
559,MN,Rochester,43.8984,-92.29504,73,346830,140003,82599,16.7
560,MN,Mankato,43.98866,-93.96026,77,268506,107032,74011,13.7
561,MN,Windom,43.91094,-95.67615,67,90374,36149,67196,8.8
562,MN,Willmar,45.03448,-95.64606,75,144476,58130,68856,10.2
563,MN,Saint Cloud,45.74171,-94.65717,83,324087,128241,72233,14.6
564,MN,Brainerd,46.57141,-94.49623,44,151301,62845,64606,9.7
565,MN,Moorhead,46.84678,-96.11596,77,180374,72787,69531,11.1
566,MN,Bemidji,47.86623,-94.53901,53,91562,36522,62670,8.2
567,MN,Thief River Falls,48.39068,-96.35737,43,68561,28041,71737,9.0
570,SD,Brookings,43.46654,-97.00979,72,191099,73597,77862,12.6
571,SD,Sioux Falls,43.61783,-96.7612,22,199595,81926,74938,12.3
572,SD,Milbank,45.01024,-97.12217,59,73732,29489,66742,8.4
573,SD,Chamberlain,43.8006,-98.39309,63,83035,32399,62287,7.9
574,SD,Aberdeen,45.3572,-98.72651,51,60505,24762,68957,8.4
575,SD,Pierre,43.74431,-100.38808,47,52081,18966,61823,7.2
576,SD,Mobridge,45.47432,-101.36227,37,20165,7355,55657,5.6
577,SD,Rapid City,44.1183,-103.11964,65,208818,82273,66032,11.2
580,ND,Wahpeton,46.66446,-97.29305,62,95345,38364,88252,12.0
581,ND,Fargo,46.90824,-97.11073,14,129531,57576,67385,9.7
582,ND,Grand Forks,48.20501,-97.64843,62,101139,42650,65536,8.8
583,ND,Devils Lake,48.34111,-99.23639,54,47028,17887,60777,6.9
584,ND,Jamestown,46.92733,-99.01433,64,46724,19718,65729,7.6
585,ND,Bismarck,46.81116,-100.89108,49,158484,64098,81571,12.4
586,ND,Dickinson,46.79167,-102.90944,32,50096,20109,77777,9.5
587,ND,Minot,48.33247,-101.57202,65,96664,39037,79641,10.8
588,ND,Williston,48.23153,-103.43122,16,51099,20104,86525,10.8
590,MT,Ashland,45.85697,-108.62981,75,88806,35674,67008,8.7
591,MT,Billings,45.91829,-108.30624,14,143280,58972,74319,11.0
592,MT,Wolf Point,48.30494,-105.30107,42,38103,14042,60354,6.6
593,MT,Miles City,46.28352,-105.49781,32,34387,14306,65341,7.3
594,MT,Great Falls,47.74875,-111.20402,66,133557,53063,59611,8.6
595,MT,Havre,48.41784,-109.44545,23,31039,11444,58055,6.2
596,MT,Helena,46.63858,-111.94858,24,87136,36335,75803,10.0
597,MT,Bozeman,45.66264,-112.13097,50,194112,79063,73766,12.0
598,MT,Missoula,47.03228,-114.25541,54,211116,88392,65618,11.2
599,MT,Kalispell,48.28548,-114.47999,31,130860,52974,65306,9.4
600,IL,Palatine,42.19755,-87.97704,85,1668039,619508,110824,49.7
601,IL,Schaumburg,41.9386,-88.19955,90,1446069,524890,98764,43.1
602,IL,Evanston,42.01032,-87.69325,6,81721,32561,96235,12.9
603,IL,Oak Park,41.8412,-87.73607,6,65402,27686,112533,14.9
604,IL,Joliet,41.62386,-87.89697,76,1442758,524917,85643,41.1
605,IL,Aurora,41.74834,-88.27905,62,1035499,374686,112603,36.1
606,IL,Chicago,41.83618,-87.70061,85,2705664,1123479,73536,66.9
607,IL,Chicago,41.91724,-87.74809,5,109203,41275,80244,11.1
608,IL,Alsip,41.81193,-87.68732,4,151655,50478,62967,9.5
609,IL,Kankakee,40.83782,-87.93903,57,159640,62226,66426,10.2
610,IL,Apple River,42.19672,-89.51583,68,303789,122175,73756,14.4
611,IL,Rockford,42.3025,-89.10183,19,224972,92460,56789,10.2
612,IL,Rock Island,41.4932,-90.36021,47,209118,87260,68674,11.6
613,IL,La Salle,41.33135,-89.22628,62,144065,60898,66632,9.9
614,IL,Galesburg,40.85281,-90.40839,73,134602,56375,55464,8.0
615,IL,Pekin,40.67293,-89.7107,48,205361,82061,80309,13.2
616,IL,Peoria,40.72758,-89.63356,37,162437,70530,59517,9.2
617,IL,Bloomington,40.50346,-88.92691,59,234186,93751,75371,13.1
618,IL,Champaign,40.10346,-88.12031,62,289829,116278,63598,12.6
619,IL,Arcola,39.68214,-88.21803,30,100869,42444,60228,8.0
620,IL,Edwardsville,39.04525,-90.00873,78,296331,118134,70179,13.7
622,IL,East Saint Louis,38.44116,-89.78481,81,451836,178347,74528,17.8
623,IL,Quincy,40.04238,-91.03016,56,106480,43736,63609,8.6
624,IL,Effingham,39.04442,-88.20558,62,143937,56982,66207,9.8
625,IL,Decatur,39.71062,-89.21245,56,175866,72827,65262,10.4
626,IL,Jacksonville,39.81876,-89.98612,63,156519,61540,74114,11.3
627,IL,Springfield,39.76385,-89.60852,39,138680,61725,67466,9.9
628,IL,Centralia,38.3161,-88.66171,94,200381,82112,56793,9.7
629,IL,Carbondale,37.54626,-88.99326,86,212675,87408,53718,9.5
630,MO,Ballwin,38.44295,-90.66108,66,736536,288271,88665,26.1
631,MO,Saint Louis,38.64203,-90.29227,71,901642,399607,72382,27.3
633,MO,Saint Charles,38.95269,-91.01748,49,536266,204144,94657,22.6
634,MO,Hannibal,39.96953,-91.80036,42,67129,25432,57997,6.9
635,MO,Kirksville,40.19318,-92.62696,33,60410,21301,52490,6.0
636,MO,Park Hills,37.64303,-90.65042,39,132960,49054,54412,7.8
637,MO,Cape Girardeau,37.31822,-89.77319,45,130888,50636,62667,9.0
638,MO,Sikeston,36.50616,-89.78343,49,110660,44256,46224,6.2
639,MO,Poplar Bluff,36.8771,-90.52334,34,76790,29332,47693,5.6
640,MO,Independence,39.08836,-94.2203,68,649524,250831,81652,23.1
641,MO,Kansas City,39.09664,-94.50279,80,603375,257508,70972,20.6
644,MO,Agency,40.10988,-94.70027,72,99521,37868,62221,8.3
645,MO,Saint Joseph,39.73701,-94.82706,8,83449,32763,58072,7.3
646,MO,Chillicothe,39.85283,-93.54566,56,68869,26547,57654,6.9
647,MO,Harrisonville,38.07419,-94.20336,50,113151,44696,56679,7.7
648,MO,Joplin,36.97818,-94.33504,39,203171,76897,55890,9.6
649,MO,Kansas City,39.03504,-94.35673,2,,,,
650,MO,Argyle,38.46206,-92.26845,60,157606,61240,64622,9.9
651,MO,Jefferson City,38.52932,-92.24623,11,70335,27354,70478,8.8
652,MO,Columbia,39.17589,-92.36301,52,279725,107906,61770,12.1
653,MO,Sedalia,38.75768,-93.26063,32,105353,39920,55620,7.4
654,MO,Rolla,37.66383,-91.83567,30,91099,31642,55176,7.0
655,MO,Jadwin,37.6245,-91.87563,36,124029,47251,53093,7.5
656,MO,Branson,37.06832,-93.12379,76,215360,84389,54669,9.7
657,MO,Mc Clurg,37.05672,-93.00394,77,301104,113678,61235,12.5
658,MO,Springfield,37.21029,-93.31205,15,235737,105952,53735,10.0
660,KS,Lawrence,38.91746,-95.10276,73,523191,196311,87206,21.2
661,KS,Kansas City,39.10079,-94.7108,16,160176,58534,59268,9.2
662,KS,Shawnee Mission,38.94227,-94.7538,35,411775,171221,112711,22.5
664,KS,Alma,39.38614,-96.06815,38,85583,31277,62202,8.0
665,KS,Manhattan,39.34112,-96.12543,46,131853,51053,69362,10.0
666,KS,Topeka,39.04122,-95.74734,40,164194,68508,64141,10.0
667,KS,Fort Scott,37.60205,-95.11032,54,113052,45127,52918,7.2
668,KS,Emporia,38.35318,-96.38943,36,57878,23958,58860,6.9
669,KS,Concordia,39.77033,-97.67639,34,24352,10251,53502,5.3
670,KS,Andale,37.56132,-97.59492,58,185463,69727,74504,11.9
671,KS,Maize,37.55823,-97.68501,43,114375,43687,69115,9.6
672,KS,Wichita,37.67995,-97.36451,40,424426,166327,67632,16.2
673,KS,Independence,37.17958,-95.78816,27,56448,22691,53577,6.0
674,KS,Salina,38.93093,-97.7386,58,132819,55148,63383,9.2
675,KS,Hutchinson,38.23626,-98.81654,55,116723,47023,58051,8.0
676,KS,Hays,39.32713,-99.38301,46,57731,24331,58763,6.8
677,KS,Colby,39.33895,-101.07632,28,30353,12811,62997,6.9
678,KS,Dodge City,37.80198,-100.66559,38,116414,41176,69122,9.6
679,KS,Liberal,37.12997,-101.37141,7,28965,9374,58254,6.1
680,NE,Blair,41.46156,-96.42583,59,242202,90217,96188,16.4
681,NE,Omaha,41.25928,-96.08277,54,643009,255504,81119,22.9
683,NE,Adams,40.47258,-96.84568,69,80376,32650,69759,8.9
684,NE,Mc Cool Junction,40.54697,-96.62258,56,75279,28783,77450,10.0
685,NE,Lincoln,40.83143,-96.68992,28,299352,121515,72382,14.1
686,NE,Columbus,41.47927,-97.5099,43,74447,29043,70793,9.0
687,NE,Norfolk,42.4055,-97.76971,77,127735,49326,65216,9.3
688,NE,Kearney,41.16074,-98.95866,68,170593,66268,66463,10.4
689,NE,Hastings,40.34922,-98.80843,58,71056,29411,64858,8.0
690,NE,Mc Cook,40.3499,-100.88545,27,24249,9964,58477,6.1
691,NE,North Platte,41.28803,-101.61107,47,76031,32697,62267,7.8
692,NE,Valentine,42.56797,-100.76051,11,8070,3335,57139,5.5
693,NE,Scottsbluff,42.16908,-103.09649,31,67341,27997,60471,7.3
700,LA,Metairie,29.81887,-90.14225,65,572201,220401,64332,18.9
701,LA,New Orleans,29.99486,-89.95592,63,418997,174109,56475,14.4
703,LA,Houma,29.66814,-90.77796,39,269010,102545,58421,11.4
704,LA,Slidell,30.57282,-90.19713,47,468277,175432,67844,17.1
705,LA,Lafayette,30.23156,-92.12722,75,632217,244267,57395,19.2
706,LA,Lake Charles,30.40013,-93.18462,45,279445,101997,65455,12.7
707,LA,Denham Springs,30.50948,-91.1986,72,437424,154847,81668,18.5
708,LA,Baton Rouge,30.47556,-91.09959,41,387370,149653,61907,14.5
710,LA,Minden,32.46281,-93.47283,58,173262,66285,51074,8.2
711,LA,Shreveport,32.56063,-93.74267,40,291726,115772,53554,11.2
712,LA,Monroe,32.5529,-92.01003,63,333047,123236,45833,11.0
713,LA,Alexandria,31.30127,-92.02649,53,193547,71632,49396,8.4
714,LA,Leesville,31.53185,-92.85124,70,183491,64877,50729,8.4
716,AR,Pine Bluff,33.68973,-91.72773,42,148653,54711,45947,6.9
717,AR,Camden,33.50419,-92.82285,36,98209,36114,49601,6.4
718,AR,Hope,33.68903,-93.80223,39,119093,44766,49102,6.8
719,AR,Hot Springs National Park,34.38029,-93.52317,46,171348,72216,53872,8.6
720,AR,Conway,34.96306,-91.97229,81,410408,157915,62758,15.1
721,AR,North Little Rock,34.90502,-92.09019,69,320268,125939,57610,12.4
722,AR,Little Rock,34.7572,-92.35199,24,218640,92774,64961,11.3
723,AR,West Memphis,35.12225,-90.53195,68,152009,56663,46506,7.1
724,AR,Jonesboro,36.03865,-90.74557,66,236531,91551,52927,9.9
725,AR,Batesville,35.99982,-91.78963,61,106256,41628,47935,6.3
726,AR,Harrison,36.15051,-92.8439,55,138748,57859,49847,7.3
727,AR,Fayetteville,36.16381,-94.16639,51,548047,203148,74278,19.8
728,AR,Russellville,35.28289,-93.35995,38,123845,46798,50395,7.1
729,AR,Fort Smith,35.30544,-94.20202,44,226807,89683,55152,10.0
730,OK,Norman,35.3001,-97.75603,88,791889,293549,80219,26.0
731,OK,Oklahoma City,35.50591,-97.46801,81,693083,281756,61238,21.1
733,TX,Austin,30.32637,-97.77126,2,,,,
734,OK,Ardmore,34.24149,-97.16759,36,91607,35110,55196,7.1
735,OK,Lawton,34.52423,-98.70851,56,205081,76602,57753,9.9
736,OK,Elk City,35.49361,-99.28115,34,57945,21490,56456,6.5
737,OK,Enid,36.37768,-98.10248,51,106398,40108,62806,8.5
738,OK,Woodward,36.49604,-99.53854,21,31666,12292,63253,6.9
739,OK,Adams,36.76671,-101.47007,15,27868,9125,57232,6.0
740,OK,Stillwater,36.2683,-96.19563,75,657347,244902,71793,21.9
741,OK,Tulsa,36.13279,-95.96868,56,434895,178225,59942,15.3
743,OK,Grove,36.54995,-94.97681,34,124806,48623,51495,7.2
744,OK,Muskogee,35.62675,-95.42645,49,216355,83094,52510,9.4
745,OK,Mcalester,34.68415,-95.67901,44,81709,31499,48726,5.9
746,OK,Ponca City,36.7039,-97.15536,20,53417,20142,57412,6.5
747,OK,Durant,33.9951,-95.57094,36,89567,33904,51347,6.4
748,OK,Shawnee,35.17763,-96.68893,50,198674,72724,56553,9.6
749,OK,Arkoma,35.19006,-94.71964,32,108163,39554,47447,6.3
750,TX,Irving,33.02562,-96.74428,81,2610702,927193,104758,69.4
751,TX,Mesquite,32.57149,-96.46644,61,905950,305072,78734,28.3
752,TX,Dallas,32.786,-96.76375,71,1374681,545724,69420,37.2
753,TX,Dallas,32.76727,-96.77763,48,,,,
754,TX,Greenville,33.34788,-95.81425,84,390218,141597,70603,15.8
755,TX,Texarkana,33.27768,-94.38745,28,125413,47489,56456,8.0
756,TX,Longview,32.45874,-94.64496,57,339374,124512,61986,13.5
757,TX,Tyler,32.24348,-95.33442,46,376548,133967,66596,15.0
758,TX,Palestine,31.4979,-95.66613,33,122220,40077,53773,7.5
759,TX,Lufkin,31.3109,-94.37478,51,253971,94947,51934,10.1
760,TX,Arlington,32.68315,-97.38694,71,1346321,477883,92314,39.9
761,TX,Fort Worth,32.788,-97.29814,59,1074969,385811,73579,31.3
762,TX,Denton,33.39709,-97.26985,47,572226,204444,101966,24.4
763,TX,Wichita Falls,33.81683,-98.76059,32,170271,64655,60709,9.6
764,TX,Stephenville,32.52476,-98.45871,53,149126,56549,64392,9.7
765,TX,Killeen,31.08045,-97.51084,60,556623,197517,65495,18.7
766,TX,Abbott,31.73477,-97.04454,60,168841,61019,68910,10.8
767,TX,Waco,31.55055,-97.18098,18,189646,69771,53715,9.0
768,TX,Brownwood,31.30916,-99.32164,54,84196,32519,55668,7.0
769,TX,San Angelo,31.40747,-100.60281,27,136742,51987,65966,9.6
770,TX,Houston,29.79087,-95.3973,99,3201870,1182109,67647,76.9
772,TX,Houston,29.8302,-95.42964,82,4310,0,,0.1
773,TX,Spring,30.29615,-95.35501,73,1423891,491726,95122,42.1
774,TX,Katy,29.45891,-95.91522,82,1423791,467135,109542,44.2
775,TX,Pasadena,29.58206,-95.10597,70,1318150,464091,84519,38.2
776,TX,Port Arthur,30.1254,-94.1539,36,277570,102796,67484,12.9
777,TX,Beaumont,30.03551,-94.15863,14,141680,51291,57733,8.5
778,TX,Bryan,30.66884,-96.34178,49,344580,127607,63630,13.8
779,TX,Victoria,28.89462,-96.92382,40,169662,63309,66180,10.4
780,TX,Laredo,28.91103,-98.87745,61,602926,195849,72971,20.8
781,TX,New Braunfels,29.19009,-97.98688,46,511026,180573,86337,20.8
782,TX,San Antonio,29.40993,-98.47674,89,1850768,674068,69701,47.6
783,TX,Alice,27.74659,-97.8587,49,230349,83507,55746,10.2
784,TX,Corpus Christi,27.76696,-97.48058,39,319344,117957,66894,13.8
785,TX,Mcallen,26.28846,-98.04053,65,1381093,414098,48688,34.3
786,TX,Round Rock,30.25159,-97.89452,75,1231190,444016,96062,38.0
787,TX,Austin,30.31767,-97.75713,78,1147323,494722,97783,36.4
788,TX,Del Rio,29.27698,-100.09246,36,171083,56992,52345,8.4
789,TX,Round Top,29.90353,-96.81916,28,70312,27109,70850,8.9
790,TX,Borger,35.35129,-101.52665,74,214287,73431,62419,10.8
791,TX,Amarillo,35.30562,-101.87838,41,235679,89621,63834,11.5
792,TX,Childress,34.25221,-100.6012,36,29102,10515,52337,5.3
793,TX,Levelland,33.51625,-102.2069,49,143154,49838,61863,9.2
794,TX,Lubbock,33.57969,-101.87627,27,284494,111784,63750,12.5
795,TX,Rule,32.64402,-100.20886,49,94921,34557,59287,7.7
796,TX,Abilene,32.38011,-99.80624,11,137880,50242,62888,9.2
797,TX,Midland,31.70156,-102.47839,61,448620,166989,78412,18.3
798,TX,Alpine,30.78415,-104.68494,23,69916,23864,43735,4.9
799,TX,El Paso,31.73198,-106.33747,80,815680,277854,57812,23.3
800,CO,Aurora,39.79348,-104.87673,40,920899,345004,98819,31.6
801,CO,Littleton,39.54305,-104.71734,42,751799,288172,127180,32.1
802,CO,Denver,39.74281,-104.83197,75,1136459,490324,86984,34.6
803,CO,Boulder,40.07737,-105.35591,16,129521,54019,85851,12.4
804,CO,Golden,39.81405,-105.92438,63,226201,91957,109253,17.9
805,CO,Fort Collins,40.42141,-105.20406,42,618632,245448,97782,24.8
806,CO,Greeley,40.3071,-104.57557,32,306122,104711,87257,16.5
807,CO,Fort Morgan,40.46316,-103.10276,33,67781,26168,62066,7.5
808,CO,Limon,39.07747,-103.87855,41,129884,47204,86603,12.5
809,CO,Colorado Springs,38.84245,-104.67119,49,610668,236044,84554,22.7
810,CO,Pueblo,37.89418,-103.88501,65,236432,94034,57515,10.6
811,CO,Alamosa,37.44135,-106.2131,35,73942,30552,60767,7.5
812,CO,Canon City,38.51633,-106.15472,34,90844,36970,63807,8.3
813,CO,Durango,37.44069,-108.42644,17,70573,29000,74096,9.4
814,CO,Montrose,38.4731,-108.01518,26,87726,35933,62424,8.0
815,CO,Grand Junction,39.05518,-108.6359,14,152856,61857,69474,10.5
816,CO,Glenwood Springs,39.70162,-107.38359,38,160819,60784,88757,13.5
820,WY,Cheyenne,41.36226,-105.03694,28,137804,57676,72197,10.6
821,WY,Yellowstone National Park,44.79573,-110.61373,1,906,192,60455,5.8
822,WY,Wheatland,42.35458,-104.56566,20,23763,10031,63547,6.8
823,WY,Rawlins,41.62844,-107.12498,14,14921,5982,67602,7.2
824,WY,Worland,44.39889,-108.38807,23,53683,22743,65716,7.8
825,WY,Riverton,43.16395,-108.86949,10,38206,14112,61080,6.8
826,WY,Casper,42.98186,-106.54881,22,95235,39452,70970,9.5
827,WY,Gillette,44.34381,-104.89314,19,60943,22873,88747,11.3
828,WY,Sheridan,44.70625,-106.81186,14,38885,16626,67317,7.7
829,WY,Rock Springs,41.75696,-109.78005,21,68293,26216,83329,10.7
830,WY,Jackson,43.61947,-110.70192,7,22042,9268,109062,13.5
831,WY,Kemmerer,42.54364,-110.70511,18,22681,8719,81654,9.4
832,ID,Pocatello,42.89852,-112.36161,57,183149,65228,63314,10.2
833,ID,Twin Falls,42.81197,-114.2651,39,207925,74034,64646,11.0
834,ID,Idaho Falls,44.0065,-112.10354,46,242896,76417,69738,12.5
835,ID,Lewiston,46.16204,-116.24336,29,72258,29256,61021,7.5
836,ID,Nampa,43.89428,-116.29729,58,561578,195428,77676,20.6
837,ID,Boise,43.50496,-116.2317,37,291010,119420,79497,15.0
838,ID,Coeur D Alene,47.71102,-116.52885,66,295678,115633,67329,13.3
840,UT,Sandy,40.63375,-111.37888,89,1561326,478693,103316,46.3
841,UT,Salt Lake City,40.7029,-111.88822,62,635649,233259,82240,22.9
842,UT,Ogden,41.24977,-111.98232,2,,,,
843,UT,Logan,41.70045,-112.07732,40,209268,65681,76859,12.8
844,UT,Ogden,41.23772,-111.96467,11,215583,74166,82201,13.7
845,UT,Price,38.76106,-110.32951,28,53404,19898,58048,6.6
846,UT,Provo,39.54631,-111.89974,48,324927,93326,77865,15.5
847,UT,Saint George,37.81264,-112.6227,72,282046,97361,72820,13.8
850,AZ,Phoenix,33.30164,-112.15263,79,1456801,540738,71989,39.4
852,AZ,Mesa,33.27276,-111.80085,85,1632761,650984,94626,46.5
853,AZ,Glendale,33.28452,-112.76314,78,1508518,542027,80449,41.7
855,AZ,Globe,33.3099,-110.30063,24,97043,37066,59225,7.8
856,AZ,Sierra Vista,31.84033,-110.46381,52,320866,124640,70975,14.4
857,AZ,Tucson,32.1495,-111.2112,53,914180,373824,65329,26.5
859,AZ,Show Low,34.51589,-109.93865,26,78935,28721,57552,7.1
860,AZ,Flagstaff,35.6706,-111.31701,36,186944,63860,60304,9.9
863,AZ,Prescott,34.69667,-112.22293,32,235579,105544,62956,11.3
864,AZ,Lake Havasu City,35.21616,-114.09411,29,209513,94188,54801,9.6
865,AZ,Chambers,35.45604,-109.53652,21,56380,16552,29661,2.5
870,NM,Algodones,35.23497,-106.82877,59,202500,71626,61513,10.4
871,NM,Albuquerque,35.07611,-106.62487,45,759136,310979,66294,23.3
872,NM,Albuquerque,35.04434,-106.67287,1,,,,
873,NM,Gallup,35.48669,-108.36623,24,73089,21504,45366,5.2
874,NM,Farmington,36.72385,-108.13751,15,118384,39807,51669,7.1
875,NM,Santa Fe,36.10852,-105.87744,71,239900,100566,71220,12.7
877,NM,Las Vegas,35.99436,-104.8268,30,37773,16760,44688,4.3
878,NM,Socorro,33.98209,-107.75601,12,16610,5598,40784,3.3
879,NM,Truth Or Consequences,32.91667,-107.15244,12,16213,6612,35461,2.5
880,NM,Las Cruces,32.43126,-107.54182,50,284060,105093,49750,10.5
881,NM,Clovis,34.19737,-103.50806,23,69551,26417,54044,6.4
882,NM,Hobbs,32.73049,-103.90455,28,198927,70306,65292,10.9
883,NM,Alamogordo,33.31657,-105.70528,33,78229,30735,49855,6.0
884,NM,Tucumcari,35.67488,-103.80942,24,16704,6361,40919,3.3
885,TX,El Paso,31.69484,-106.29999,77,,,,
889,NV,The Lakes,36.12519,-114.89589,2,,,,
890,NV,Henderson,36.5337,-115.3777,52,710979,260397,77817,23.9
891,NV,Las Vegas,36.05851,-115.1108,66,1611943,595812,70708,42.6
893,NV,Ely,39.35673,-115.19424,9,10361,3864,73757,8.0
894,NV,Sparks,39.73369,-119.0775,48,321827,123022,83069,16.2
895,NV,Reno,39.91407,-119.69584,20,320218,131122,83362,16.2
897,NV,Carson City,39.18228,-119.76847,11,69837,28071,70762,8.9
898,NV,Elko,40.94552,-115.62532,19,59726,21508,90384,11.5
900,CA,Los Angeles,33.80884,-118.29028,95,2438602,891060,70733,60.7
901,CA,Los Angeles,33.78659,-118.29866,5,,,,
902,CA,Beverly Hills,33.82841,-118.27081,50,1225280,403414,96481,37.9
903,CA,Inglewood,33.78659,-118.29866,15,130422,42444,66256,9.5
904,CA,Santa Monica,33.78659,-118.29866,11,94344,47122,111409,15.4
905,CA,Torrance,33.79622,-118.29865,10,174425,64014,103652,16.0
906,CA,Whittier,33.79455,-118.06485,35,730783,216741,93474,26.7
907,CA,Lakewood,33.78899,-118.14468,30,632350,204601,90243,24.0
908,CA,Long Beach,33.78812,-118.20944,29,472584,173113,79812,19.0
910,CA,Arcadia,33.78659,-118.29866,26,284967,100791,113640,19.9
911,CA,Pasadena,33.78659,-118.29866,31,165463,65797,106837,16.3
912,CA,Glendale,33.78659,-118.29866,16,207289,77192,86229,14.1
913,CA,Northridge,33.84022,-118.37682,74,1417543,455403,104474,43.3
914,CA,Van Nuys,33.78659,-118.29866,23,313396,114169,76628,15.1
915,CA,Burbank,33.78659,-118.29866,13,110457,44660,93921,13.2
916,CA,North Hollywood,33.78659,-118.29866,17,213664,87407,80847,13.5
917,CA,Pomona,34.03934,-117.62195,68,1969222,588082,90552,53.3
918,CA,Alhambra,33.78659,-118.29866,7,82326,30085,79858,10.5
919,CA,Chula Vista,32.90024,-116.90478,40,594682,191084,93592,23.7
920,CA,Escondido,33.00351,-116.92309,62,1311692,449443,101582,40.5
921,CA,San Diego,32.89038,-116.99284,85,1378892,507687,102607,42.2
922,CA,Palm Desert,33.62702,-115.92877,58,805066,288274,65630,24.2
923,CA,Fontana,34.68447,-116.25379,72,1211853,362806,77692,34.9
924,CA,San Bernardino,34.63456,-116.20601,19,252698,70329,63590,11.8
925,CA,Riverside,33.72505,-116.1888,59,1540024,441391,89590,43.8
926,CA,Irvine,33.62038,-117.74721,61,1410088,527409,125785,46.3
927,CA,Santa Ana,33.65039,-117.78238,18,476473,132876,95181,21.3
928,CA,Anaheim,33.65932,-117.54129,61,1288199,390879,104486,40.5
930,CA,Ventura,34.18776,-119.13504,42,708192,227436,99383,27.0
931,CA,Santa Barbara,34.35464,-119.82479,21,192122,69720,107828,17.0
932,CA,Visalia,35.88531,-119.07226,71,800954,232745,61357,23.5
933,CA,Bakersfield,35.3139,-118.9131,23,587242,180317,73070,20.5
934,CA,San Luis Obispo,35.22016,-120.51739,52,518888,180209,87697,21.2
935,CA,Lancaster,35.21861,-118.14359,54,559006,176914,76825,20.5
936,CA,Clovis,36.8408,-119.72395,63,630843,183912,73214,21.5
937,CA,Fresno,36.75479,-119.6829,55,618872,201518,67233,20.4
938,CA,Fresno,36.74638,-119.63966,2,,,,
939,CA,Salinas,36.44779,-121.48745,30,408741,123401,90534,19.2
940,CA,Mountain View,37.38464,-122.18491,58,865257,311329,166179,40.3
941,CA,San Francisco,37.77627,-122.61051,71,851036,360842,139117,36.0
942,CA,Sacramento,38.37746,-121.44622,62,,,,
943,CA,Palo Alto,37.25554,-121.87457,10,114801,37737,158529,22.8
944,CA,San Mateo,37.46511,-122.32272,10,141797,54049,163240,24.0
945,CA,Concord,37.93246,-122.0537,90,2491328,856043,133042,71.0
946,CA,Oakland,37.75383,-122.12075,33,459213,180371,100341,21.7
947,CA,Berkeley,37.85765,-122.24471,12,149355,56588,116155,17.3
948,CA,Richmond,37.86139,-122.13466,10,182837,61089,85796,13.5
949,CA,Petaluma,38.11952,-122.71573,55,392137,154509,132163,24.9
950,CA,Santa Clara,37.07927,-121.7782,59,882637,302802,143661,37.4
951,CA,San Jose,37.2233,-121.73059,63,1025900,331744,138290,39.7
952,CA,Stockton,38.0688,-120.98367,54,539396,169583,74968,19.8
953,CA,Modesto,37.63707,-120.69028,82,1132996,357209,80885,33.6
954,CA,Santa Rosa,38.85266,-123.06689,77,515032,199470,88044,21.1
955,CA,Eureka,40.74044,-123.87892,51,166764,65201,59335,9.3
956,CA,Auburn,38.6337,-121.27649,94,1265620,461733,95848,38.7
957,CA,Rancho Cordova,38.83391,-121.01901,29,381619,128532,126003,23.8
958,CA,Sacramento,38.50968,-121.44195,44,893026,325372,78057,27.9
959,CA,Chico,39.48985,-121.51875,78,526919,195028,69546,18.7
960,CA,Redding,40.87079,-122.26811,80,307906,120421,64182,13.1
961,CA,South Lake Tahoe,39.89189,-120.3264,53,111600,41449,78289,10.9
967,HI,Kapolei,20.54137,-157.38748,89,1021712,326102,99115,33.8
968,HI,Honolulu,24.49391,-166.92344,55,428877,157804,95196,20.3
969,GU,Hagatna,12.45031,146.80419,31,,,,
970,OR,Beaverton,45.45117,-122.26644,65,853471,323030,91645,29.1
971,OR,Hillsboro,45.52991,-123.49934,42,355311,131214,90414,18.0
972,OR,Portland,45.53147,-122.56512,62,934313,399026,92202,30.9
973,OR,Salem,44.75365,-123.14768,73,663807,250719,71876,22.0
974,OR,Eugene,43.55558,-123.44206,88,593616,248753,63989,19.3
975,OR,Grants Pass,42.38474,-123.09022,26,309315,125420,65167,13.3
976,OR,Klamath Falls,42.53576,-121.22301,23,74248,30084,57235,7.0
977,OR,Bend,43.80528,-120.51736,33,260841,105204,80100,14.4
978,OR,Pendleton,45.16901,-118.6068,57,151822,56933,65427,9.9
979,OR,Adrian,43.83187,-117.63209,16,32597,10407,47740,4.7
980,WA,Bellevue,47.54683,-122.01134,68,1582168,593805,128205,50.4
981,WA,Seattle,47.45478,-121.85372,57,1012898,451784,111151,35.4
982,WA,Everett,48.34745,-122.25409,75,981650,377621,91323,31.8
983,WA,Bremerton,47.45222,-122.69141,80,818638,309542,96118,29.0
984,WA,Tacoma,47.15366,-122.31677,44,448013,173714,79093,18.4
985,WA,Olympia,46.92974,-123.21163,77,534826,208580,79879,20.4
986,WA,Vancouver,45.93173,-122.49428,63,665530,254022,87169,24.3
988,WA,Wenatchee,47.87674,-119.90161,46,243016,89745,70027,12.5
989,WA,Yakima,46.66753,-120.57055,35,301011,104936,64841,13.1
990,WA,Airway Heights,47.62405,-117.45146,33,166894,60576,81800,12.6
991,WA,Pullman,47.79976,-117.98203,69,120067,48317,56051,7.8
992,WA,Spokane,47.66367,-117.42074,29,386739,158360,69456,15.6
993,WA,Kennewick,46.38187,-118.94313,37,404594,138752,78746,17.4
994,WA,Anatone,46.2218,-117.17433,3,22402,9514,62236,6.6
995,AK,Anchorage,60.31396,-154.8434,68,319231,115432,96806,18.1
996,AK,Kodiak,60.25425,-157.27702,87,208986,73687,81634,13.5
997,AK,Fairbanks,65.35436,-153.24946,82,134560,46620,79896,11.6
998,AK,Juneau,58.06145,-134.63585,19,50156,19989,91329,11.5
999,AK,Ketchikan,55.48901,-132.1031,13,21331,8634,77006,8.7
